time of recording,name,n,nhl,nm,t_learn,t_cex,t_sos,rate,batch_size,iter,activation
03:03.5,C3,2,10,[],28.6720727,0.1907692,1.6799965,0.01,2000,5,['SKIP']
51:16.3,C3,2,10,[],28.8683062,1.1080982,1.6534206,0.01,2000,5,['SKIP']
52:28.2,C3,2,10,[],29.2370755,0.1714098,1.6451421,0.01,2000,5,['SKIP']
45:50.3,C3,2,10,"[5, 1]",1.117708376,0,0.265591795,0.1,1000,1,['MUL']
53:02.5,C3,2,5,"[5, 1]",1.123314534,0,0.267814256,0.1,1000,1,['MUL']
42:11.2,C3,2,5,"[5, 1]",0.294829451,0,0.278683186,0.1,500,1,['MUL']
59:18.4,C3,2,5,"[5, 1]",0.977437629,0,0.234956482,0.1,500,1,['MUL']
