time of recording,name,n,nhl,nm,t_learn,t_cex,t_sos,rate,batch_size,iter,activation
08:00.0,C11,6,20,[],55.9509953,13.0562874,25.8644707,0.1,2000,6,['SKIP']
37:05.1,C11,6,20,[],35.55493137,17.3848705,30.86544688,0.1,1500,12,['MUL']
40:48.1,C11,6,10,[],28.77870569,38.72834043,20.04901888,0.1,1500,14,['MUL']
52:05.1,C11,6,20,[],20.50775537,7.68528071,31.14849338,0.1,1500,10,['MUL']
12:29.7,C11,6,15,[],17.33194161,5.783648947,37.82391315,0.1,1000,11,['MUL']
15:20.9,C11,6,15,[],20.11845483,7.069357627,45.36922036,0.1,1000,13,['MUL']
17:11.1,C11,6,15,[],25.41377356,5.479395555,38.04149603,0.1,1500,11,['MUL']
21:57.1,C11,6,15,[],30.28536238,6.393345894,45.37979712,0.1,1500,13,['MUL']
23:38.9,C11,6,20,[],18.34113699,6.40502581,25.22070728,0.1,1500,8,['MUL']
