time of recording,name,n,nhl,nm,t_learn,t_cex,t_sos,rate,batch_size,iter,activation
05:11.4,C4,2,20,[],28.838586,0.1534998,2.3675542,0.1,1000,8,['SKIP']
53:52.0,C4,2,20,[],24.32032413,0.146791293,2.678755237,0.1,2000,10,['MUL']
55:04.9,C4,2,20,[],26.21180484,0.180909339,2.90582772,0.1,2000,11,['MUL']
56:25.8,C4,2,20,"[5, 1]",0.687247602,0,0.329760601,0.1,2000,1,['MUL']
06:05.1,C4,2,20,"[5, 1]",0.490266071,0,0.334503762,0.1,2000,1,['MUL']
15:08.1,C4,2,20,"[5, 1]",1.244191103,0,0.249386964,0.1,2000,1,['MUL']
