time of recording,name,n,nhl,nm,t_learn,t_cex,t_sos,rate,batch_size,iter,activation
20:15.9,C10,6,20,[],24.0515857,7.1183246,24.3978089,0.1,2000,5,['SKIP']
25:28.2,C10,6,20,[],19.85046285,16.3340876,26.1617961,0.1,1000,8,['MUL']
29:08.6,C10,6,20,[],7.618669412,9.889305595,12.93868472,0.1,1500,4,['MUL']
52:24.6,C10,6,20,[],11.4779285,13.2842234,17.31170466,0.1,1500,6,['MUL']
54:01.4,C10,6,20,[],10.1614192,12.98774278,16.41091933,0.1,1500,5,['MUL']
31:30.4,C10,6,15,[],11.34647889,8.933372777,13.62549315,0.1,1500,4,['MUL']
