time of recording,name,n,nhl,nm,t_learn,t_cex,t_sos,rate,batch_size,iter,activation
51:49.0,C2,2,10,"[5, 1]",1.327160845,0.022802332,0.512205875,0.1,1000,2,['MUL']
52:12.4,C2,2,10,"[5, 1]",0.377705043,0,0.286152703,0.1,500,1,['MUL']
53:14.0,C2,2,10,"[5, 1]",0.388016543,0,0.295402268,0.1,500,1,['MUL']
58:08.5,C2,2,10,"[5, 1]",1.046452897,0,0.253182107,0.1,500,1,['MUL']
35:26.4,C2,2,10,"[5, 1]",0.246240327,0,0.313267115,0.1,500,1,['MUL']
30:40.5,C2,2,10,"[5, 1]",0.986777053,0,0.251912947,0.1,500,1,['MUL']
