time of recording,name,n,nhl,nm,t_learn,t_cex,t_sos,rate,batch_size,iter,activation
10:44.6,C5,2,5,"[5, 1]",0.032716896,0,0.313547056,0.1,500,1,['MUL']
10:54.3,C5,2,5,"[5, 1]",0.033167815,0,0.309665783,0.1,500,1,['MUL']
39:28.2,C5,2,5,"[5, 1]",0.042545614,0,0.363314597,0.1,500,1,['MUL']
39:35.9,C5,2,5,"[5, 1]",0.027402126,0,0.275040024,0.1,500,1,['MUL']
39:42.3,C5,2,5,"[5, 1]",0.0267602,0,0.277624704,0.1,500,1,['MUL']
50:45.6,C5,2,5,"[5, 1]",0.032431269,0,0.297223213,0.1,500,1,['MUL']
59:00.6,C5,2,5,"[5, 1]",0.778491809,0,0.255611433,0.1,500,1,['MUL']
